상대경로,관리구분,바이트,SHA256,비고
doc/.DS_Store,정리 가능,6148,a3d978516991031fdfa964042bb7d445836842b42c0f6f10b4873b064e78ee85,자동 생성 캐시
doc/clean image/image10_clean.png,원자료 보존,2867218,af5250162f0c8c62dda7c02fb4bb9f77d80ff275e04f323858e85411a73decf3,기관 저장소에 보존
doc/clean image/image11_clean.png,원자료 보존,2257974,6334fbbd2b4775a0d129c0f68fd116f45ce37745dd6527083895a7a921dd112d,기관 저장소에 보존
doc/clean image/image1_clean.png,원자료 보존,2714161,411fdf72cd724113088255ad5b524849fb51cfed6b1dd06ff312b6a632e94946,기관 저장소에 보존
doc/clean image/image2_clean.png,원자료 보존,1955302,01b4ce16cd609d8cb3429077de929a5e6ce5cda2b40a9e165b36809b49e002fc,기관 저장소에 보존
doc/clean image/image3_clean.png,원자료 보존,2821877,5aac4eb6480b6e45b0e0f1d203e693abf049f880f2ad7d03f10b010499610c32,기관 저장소에 보존
doc/clean image/image4_clean.png,원자료 보존,2528702,ca835d03edbf894db67a75d1b35a78abfa47ad94fbbb39c656ad21200d749a5e,기관 저장소에 보존
doc/clean image/image5_clean.png,원자료 보존,3351472,19d350725fb9f5cb6e70471635cc8c57cafb1f0b4d43b1abb6b6c846c33ddfab,기관 저장소에 보존
doc/clean image/image6_clean.png,원자료 보존,2566485,f7c33a73a63049e44f73be08bc20abe4fee86812c5d21e8e95c5e93c9e02b6dc,기관 저장소에 보존
doc/clean image/image7_clean.png,원자료 보존,2319073,7b4bc24bcac46b77c5db56f913d80bbfe4c6a622ca8603199638b23d9a476273,기관 저장소에 보존
doc/clean image/image8_clean.png,원자료 보존,3593988,cdafccc347b02f110254dd7eca8f29ddda014a7175aefb3921f0130198e2c268,기관 저장소에 보존
doc/clean image/image9_clean.png,원자료 보존,2555332,7e4b3d04a235dede49cadb08a443be9a4fa8dac407ba1a63946edf7eb55f429d,기관 저장소에 보존
doc/origin image/image1.png,원자료 보존,477428,dd35dc71eedb94e5b650d381b5c43ed8f527ca1b86b47b1d6d9a0dd54939e6aa,기관 저장소에 보존
doc/origin image/image10.png,원자료 보존,411704,c27d1dd9ddc0972127f0c4103b3f439f6a50a1283ea96d6628ffc9190d8948a5,기관 저장소에 보존
doc/origin image/image11.png,원자료 보존,412367,f9e6f319cf9c016dd78b2736d5eaad35deff540af97d75510b9aaac6934c7455,기관 저장소에 보존
doc/origin image/image2.png,원자료 보존,286410,f17061e183f201704e3821a125b6301b864eca3e595b0d5fdb4db9a51dd9c60d,기관 저장소에 보존
doc/origin image/image3.png,원자료 보존,461589,f1681ce8ce60ecfb38bb8bf5f9ba2ec78789d3c0351e5cf7be55608ba6eaab26,기관 저장소에 보존
doc/origin image/image4.png,원자료 보존,459403,9bbd1d672b05dafe1942ae992b77536006e2e5bc57d2c3c05827a506891f00a4,기관 저장소에 보존
doc/origin image/image5.png,원자료 보존,469472,b12c4de1ff7f09b71f244831d0afc02bc94d3000dc2ef02b5bcff8fab1b8a3df,기관 저장소에 보존
doc/origin image/image6.png,원자료 보존,423908,e7c6e5aa3ba21cfcb6652c4d49104f147f50d766e013c43a047d2c2dee35030f,기관 저장소에 보존
doc/origin image/image7.png,원자료 보존,384483,17101e73cc0b40b7a527638bf4213e9d40b4a483d2f815a7a64556611d60431f,기관 저장소에 보존
doc/origin image/image8.png,원자료 보존,565037,3b258074b4db6734063a4675d2533b943094b69ce2aba7a91a440293db9a45e1,기관 저장소에 보존
doc/origin image/image9.png,원자료 보존,426161,f53b63deaa9e955f3042e8a8b71a6153f535fde1d7edfd0257e5a7d4e9660964,기관 저장소에 보존
doc/origin image/웅상아카이빙_메인포스터 (1).pdf,원자료 보존,34240275,0fae44ea6c000b841f3b8e977ef5b3e66f06b5d0446e8fe21da9c845d6a615c1,기관 저장소에 보존
doc/origin image/아카이빙설명.jpg,원자료 보존,2167836,cb16c87bfb5a224fa8cf9346029a7c8b42f68cde29bae815805f3b9f60a9d45a,기관 저장소에 보존
doc/서창도서관_작품전시_협조요청자료 (2).hwp,원자료 보존,97280,44644dd4359ddcc8fb10d85a6e4c6e3cc77bb6e3a9500ac66b0377b800bcad3b,기관 저장소에 보존
doc/아카이빙작품_출력.pdf,원자료 보존,95684135,0c8207e9a05810d07c512486fc0138d858fa47e5e3643e57ad64e5864d98013a,기관 저장소에 보존
output/branding/README.md,제작·기록 보존,1600,6d1632e1c2a9571441ceae5338b47c8beef744e0386c37258f4e3ec379f4a44b,사진 재편집·재생성·출처 확인용
output/branding/welfare-logo-transparent.png,제작·기록 보존,589557,36012a3e2e6a1210b55cb935a905ddf34cd9b0c6fce2667bbd861bfaf7395a3c,사진 재편집·재생성·출처 확인용
output/video/.DS_Store,정리 가능,8196,ceb9a0a3c1d3b4f54bee1a2f8c2b3fd7cd79a1fdf847c8e3a79dbea21af76f26,자동 생성 캐시
output/video/archive-content.json,제작·기록 보존,9948,c732e8f502917a353785898b359c22a65cbaed9bad6963fdcf22c4445ef6c705,사진 재편집·재생성·출처 확인용
output/video/batch-02-12-alignment.json,제작·기록 보존,7205,3454e5ce52608d9fadd6cb18c24a81da78576b906b67132c1ebde388e227ba69,사진 재편집·재생성·출처 확인용
output/video/generation-02-12.json,제작·기록 보존,8978,535fb1b2745b4deaf85ffbdbaa7848471631b66d71e9d416900c1c12740df118,사진 재편집·재생성·출처 확인용
output/video/page01/.DS_Store,정리 가능,8196,ac161534c1a3d86bd2dc2fa2032683836f54887a9f8040d7f127cf037640fcba,자동 생성 캐시
output/video/page01/README.md,제작·기록 보존,2978,df671b46266b24eb699dbad7d0dfd70430eafd2c10faea4946ea9621af32e8cc,사진 재편집·재생성·출처 확인용
output/video/page01/aligned_middle.png,시안 보관,1456777,8cf81d6bf56be114f6b9a88bbcc382be64df99d88af24229a61a3dd1c862ab4a,최종 outpainted 방식과 구분
output/video/page01/aligned_past.png,시안 보관,1136674,0d1285e3977a44cf18aae61b2893dc0da8a7304c01d6948656dbc42db35f6fa6,최종 outpainted 방식과 구분
output/video/page01/aligned_present.png,시안 보관,1647271,86b02c33e6661d95601a9cd2fef2af4dd23bad7dce32be8f3342b6d5a37448d7,최종 outpainted 방식과 구분
output/video/page01/archive_page01_5s.mp4,시안 보관,1267077,98c0b48dc98c9227e86997ada91134fd237a548868034efe5075ccd769c39466,최종 outpainted 방식과 구분
output/video/page01/archive_page01_aligned_5s.mp4,시안 보관,758252,d0049430a306ca04cda7f36a031e66e555cf89c5ffcb27cd6fab0558689ebacd,최종 outpainted 방식과 구분
output/video/page01/outpainted/README.md,제작·기록 보존,4402,0602664c40a81b84336990932761f562c4f07879e169894a14ebcd5f33bf56f1,사진 재편집·재생성·출처 확인용
output/video/page01/outpainted/alignment.json,제작·기록 보존,252,f614162ae6074a8bd558dc33981d3fc805c3e8b8cb04f78ffb248fadc2590bbc,사진 재편집·재생성·출처 확인용
output/video/page01/outpainted/archive_page01_outpainted_5s.mp4,제작·기록 보존,1612999,8c5a882a4f2ee9521b671f3c49c0f771e90f0da8b3d2ab765c8fe5f1c2012580,사진 재편집·재생성·출처 확인용
output/video/page01/outpainted/frame_end.png,제작·기록 보존,2564554,f4bcac612fee77f218a61fd6c4501ebaffc880ce2616a45dfbcfdfa608254783,사진 재편집·재생성·출처 확인용
output/video/page01/outpainted/frame_start.png,제작·기록 보존,2090525,262962622dd2dc41ea2c755face7a41239b14245eba4a0c6a4efd20265b47973,사진 재편집·재생성·출처 확인용
output/video/page01/outpainted/frame_transition.png,중간 자료,2357812,a6743e6c69f5f64c7c55d64f656879d2c35d5d2b17b48fbbbb01f2653814b844,최종본·재제작 입력 보존 후 정리 가능
output/video/page01/outpainted/past_expanded.png,제작·기록 보존,6380166,bc117e6919c2ba884329c8fced180f43ef2636f97b1f9a0660b4b45602effa9e,사진 재편집·재생성·출처 확인용
output/video/page01/outpainted/past_extension_guide.png,중간 자료,3311384,7fd5d3a5c5066361eb88a81bac089c5a5ab4e3257744498a4360f96d94411a3b,최종본·재제작 입력 보존 후 정리 가능
output/video/page01/outpainted/past_generated.png,제작·기록 보존,2507214,68e73d28472893eb2434feb6bcbb851cc62b920629780832c4c0346145ab4024,사진 재편집·재생성·출처 확인용
output/video/page01/outpainted/present_expanded.png,제작·기록 보존,7093524,1ddb004d43886c6644fd263ebd58139aaed8f17d957e659febe046116fc7ef60,사진 재편집·재생성·출처 확인용
output/video/page01/outpainted/present_extension_guide.png,중간 자료,4867503,1fcbbc9fcc1e19fca445d4437c516b2ec05a30fe218eb16f23564b0baf3af55d,최종본·재제작 입력 보존 후 정리 가능
output/video/page01/outpainted/present_generated.png,제작·기록 보존,3229639,b5d777fbe718c26ef974ee7aff03163e852475edbac631f5291ff603aaa131a7,사진 재편집·재생성·출처 확인용
output/video/page01/past_clean.png,제작·기록 보존,1907285,6d101612a88c9126482f82ae862744dffd3e30fc88a1625da0ff2df2b69d6ef1,사진 재편집·재생성·출처 확인용
output/video/page01/present_clean.png,제작·기록 보존,2566453,62b08be9b66a82a075852a57550551e387650d856defce3066c214b2251c0de3,사진 재편집·재생성·출처 확인용
output/video/page02/outpainted/alignment.json,제작·기록 보존,617,f499a34b137241b52afec967386480bda1f8e594de4cdb513d9370edaddc13a0,사진 재편집·재생성·출처 확인용
output/video/page02/outpainted/frame_end.png,제작·기록 보존,1423323,3c9f20bee1f8722438a9d8c28511886da2ac66dc43d5f9b4df3c5d951f59a6e6,사진 재편집·재생성·출처 확인용
output/video/page02/outpainted/frame_start.png,제작·기록 보존,1147523,b565dd3629b8c929919144b6143f7d9597f1bc81bcbae8e380a3d686752a6b6b,사진 재편집·재생성·출처 확인용
output/video/page02/outpainted/frame_transition.png,중간 자료,1515447,d7cdd665f081445c9c717fb7ed0ecd26aaf2998652a953c6044927f369b5b843,최종본·재제작 입력 보존 후 정리 가능
output/video/page02/outpainted/past_expanded.png,제작·기록 보존,2593680,ce97a4369d1db7a21031bbffd35712ac00ca17ab34ff1adb71152f3aaa93da9e,사진 재편집·재생성·출처 확인용
output/video/page02/outpainted/past_guide.png,중간 자료,2596105,7de7bbbddbf660636c3a133e6c82d27db44b2014dbd4f32b523e8bed158f74a0,최종본·재제작 입력 보존 후 정리 가능
output/video/page02/outpainted/present_expanded.png,제작·기록 보존,3121855,108b4dd7a680113c62c94feb022ffe685a3469b5aea207de0dc40bf70a197ad0,사진 재편집·재생성·출처 확인용
output/video/page02/outpainted/present_guide.png,중간 자료,3124738,5ebd56a9b6a4ebe7349930188187f1aa047af751ee1b6f116946cef32ee01904,최종본·재제작 입력 보존 후 정리 가능
output/video/page02/source-00.png,제작·기록 보존,1416379,572a3f30f6d60cc44a9887192eed657c56ab9716af804ac87422eb247d63147a,사진 재편집·재생성·출처 확인용
output/video/page02/source-01.png,제작·기록 보존,1736689,d096d695497ba52c67bb9780974cc8c541cbf905acf6ff8f5b1df6dfe274d597,사진 재편집·재생성·출처 확인용
output/video/page03/outpainted/alignment.json,제작·기록 보존,570,d3ef46b1067f0e31b034fe0c46ab2e39f5d3997e5c4dc95559f8d426a56fe62a,사진 재편집·재생성·출처 확인용
output/video/page03/outpainted/frame_end.png,제작·기록 보존,1308684,416bbdf684f3ca685ba9bc299e5d3fa8cfcb3c71fb2167e2ce25e0ebc5d7acd2,사진 재편집·재생성·출처 확인용
output/video/page03/outpainted/frame_start.png,제작·기록 보존,1570506,41346ed6255796847557adbe909ddcd59364b70ec1a1e7ec7d07da3573c35f5d,사진 재편집·재생성·출처 확인용
output/video/page03/outpainted/frame_transition.png,중간 자료,1451849,38045ec41e42d8b54439403989fea7fa56185f58ea3cb388f791c9af1a7e3302,최종본·재제작 입력 보존 후 정리 가능
output/video/page03/outpainted/past_expanded.png,제작·기록 보존,3774183,4c39bafa9b6e37aa4f0d1e6b98d9bd990eb93387916ef84fa704db1f3fd66b25,사진 재편집·재생성·출처 확인용
output/video/page03/outpainted/past_generated.png,제작·기록 보존,2023695,047dcd9db16cc1681affd2754b25bbba2c3ecd808924026172dc04ab57b893df,사진 재편집·재생성·출처 확인용
output/video/page03/outpainted/past_guide.png,중간 자료,3430429,4071a62e9faeaa79b0d85176c2f79269e7808639e14b26c240daa394692768bd,최종본·재제작 입력 보존 후 정리 가능
output/video/page03/outpainted/present_expanded.png,제작·기록 보존,3095908,76558b454f5fbb6f19e870619487270f043cc152472cfb9c2d7404f135537f72,사진 재편집·재생성·출처 확인용
output/video/page03/outpainted/present_generated.png,제작·기록 보존,2164947,52111e02e369b1a7131f9081cf6b2c93f7eb2e1beced946126dd4d0befe733dd,사진 재편집·재생성·출처 확인용
output/video/page03/outpainted/present_guide.png,중간 자료,2741627,e4d73439b10cef5eeedfae3527f32848343f8fae5b929f0a960fea01bd9a40e3,최종본·재제작 입력 보존 후 정리 가능
output/video/page03/source-00.png,제작·기록 보존,1079711,c55418c6a6d990213056ace222d91ef32e43c33ead90056f892eb9cee3548fab,사진 재편집·재생성·출처 확인용
output/video/page03/source-01.png,제작·기록 보존,1574205,62cd9a243f3646960d90a043a635d718e744a9156088b64d78ec1940125bb85d,사진 재편집·재생성·출처 확인용
output/video/page04/outpainted/alignment.json,제작·기록 보존,580,e49cc3848975d77e6a6da8889896c5f90fc5b8910cf51bff82a177436deb418e,사진 재편집·재생성·출처 확인용
output/video/page04/outpainted/frame_end.png,제작·기록 보존,1600409,a570ba1340c147bcaa605ef0f11f79cc06890445124eae6e2c2c800542fb8617,사진 재편집·재생성·출처 확인용
output/video/page04/outpainted/frame_start.png,제작·기록 보존,1473971,9d2fd764bd96cfeed16c2942c9de8575d491440187595a546c1931ab93bd1b95,사진 재편집·재생성·출처 확인용
output/video/page04/outpainted/frame_transition.png,중간 자료,1700469,6ccfcf661acad5f4b3f03a6a1d3067b11ff7adb4da45c7caf3dcb37640b7cddc,최종본·재제작 입력 보존 후 정리 가능
output/video/page04/outpainted/past_expanded.png,제작·기록 보존,3469146,3cbf2d9a7a2d77cea85fcffc0d38f54fbf36e630acd8e11acfdf91fdf0a571c7,사진 재편집·재생성·출처 확인용
output/video/page04/outpainted/past_guide.png,중간 자료,3471831,ae25c57171c3ad5d8e057b5e8c4b015066687ad9b66723b889ea8c0e1e81156b,최종본·재제작 입력 보존 후 정리 가능
output/video/page04/outpainted/present_expanded.png,제작·기록 보존,3353812,80cc6127cde678a65f55b6b3177baa426bc00f553556add6a871611139c43ef9,사진 재편집·재생성·출처 확인용
output/video/page04/outpainted/present_guide.png,중간 자료,3357398,6f9ae964d5e3905015abdde0b48e546ca5b75fce38f8223bbaa5ec96733e55b2,최종본·재제작 입력 보존 후 정리 가능
output/video/page04/source-00.png,제작·기록 보존,1545248,92b09e35dcae2f8d3c09f502327b8b54ba332b4aed55ba329275b7142b8c177e,사진 재편집·재생성·출처 확인용
output/video/page04/source-01.png,제작·기록 보존,1731431,9ce2f9d5d0766c660271182f3e7309447b1ac4ef4b43c624cc21431f659a5110,사진 재편집·재생성·출처 확인용
output/video/page05/outpainted/alignment.json,제작·기록 보존,552,e1412269268dda01319bcecb1ca0c326db1858b957ed360e0c5c949f7eaa8b65,사진 재편집·재생성·출처 확인용
output/video/page05/outpainted/frame_end.png,제작·기록 보존,1895452,d886ec2364bf2bccbe86943f61254beb67f4851dd9a5c7aabe855c12d9dbb315,사진 재편집·재생성·출처 확인용
output/video/page05/outpainted/frame_start.png,제작·기록 보존,1354252,1beabc371ba5e82e1391ae39bc1e2c90b680dc13fb352ac2bc616df2bdc16402,사진 재편집·재생성·출처 확인용
output/video/page05/outpainted/frame_transition.png,중간 자료,1675328,943fdfacdd576a4c8ea1c5b4864b17c5312842e08f9d0c6048e96425fa22fc38,최종본·재제작 입력 보존 후 정리 가능
output/video/page05/outpainted/past_expanded.png,제작·기록 보존,3313326,9a7e97ce5820cdd4d64ca539e773f9086325babebb673b7298b1d9e876a06732,사진 재편집·재생성·출처 확인용
output/video/page05/outpainted/past_generated.png,제작·기록 보존,2233172,4fe60610ae4f23e48371061f71b76186570b91b866c71118df79b6148d06bd81,사진 재편집·재생성·출처 확인용
output/video/page05/outpainted/past_guide.png,중간 자료,3145138,22046399cb362f91239921ac139ff1e70501b3b2c23890718f23758294d8399c,최종본·재제작 입력 보존 후 정리 가능
output/video/page05/outpainted/present_expanded.png,제작·기록 보존,4031335,1518d00032d7cd3cb93cf341dcc01a2af091f7e334120b05cd20b7c3c2d47ae7,사진 재편집·재생성·출처 확인용
output/video/page05/outpainted/present_generated.png,제작·기록 보존,2697251,f4fe029bc1d78fc38b6c8e3f5a7df4c862c29b7d712627810a40026c8c5b8bd7,사진 재편집·재생성·출처 확인용
output/video/page05/outpainted/present_guide.png,중간 자료,3562603,c029fb166ea90ebdd54e3d52710addfb60292d221451da32cc0e7eefca175259,최종본·재제작 입력 보존 후 정리 가능
output/video/page05/source-00.png,제작·기록 보존,996896,6e9febab25f4900d3127b760e24ddf29d99b9b3589e2d2bcf0233eb60c805ac3,사진 재편집·재생성·출처 확인용
output/video/page05/source-01.png,제작·기록 보존,759383,f9da6d8e786cd68142a1d8ba1cad8c7c0b1733cd725d0bd6b8fe1aa736acd300,사진 재편집·재생성·출처 확인용
output/video/page06/outpainted/alignment.json,제작·기록 보존,569,e0fd2dcabd946c76fcf8d637642a660ae437299d9801cc74d7f8e5458add52ba,사진 재편집·재생성·출처 확인용
output/video/page06/outpainted/frame_end.png,제작·기록 보존,1559843,68812063742f37f40335cea77e527655481bb48d5204f8d92a10de19423eab9f,사진 재편집·재생성·출처 확인용
output/video/page06/outpainted/frame_start.png,제작·기록 보존,799037,57b38317bec424cf29566d66d6e91573eae787c2faa125ad3de5485dbc5a98b1,사진 재편집·재생성·출처 확인용
output/video/page06/outpainted/frame_transition.png,중간 자료,1341569,8e3442f9843468c8511a7b09076309229c139a9a571a16d1fa1daea8807db62d,최종본·재제작 입력 보존 후 정리 가능
output/video/page06/outpainted/past_expanded.png,제작·기록 보존,1894180,37e912fa2d3558790836f57ed63dd544bf6bd0e19513c2c46480b6e0be709af7,사진 재편집·재생성·출처 확인용
output/video/page06/outpainted/past_guide.png,중간 자료,1896727,cc42014027bdc764cfc95a455466294d9f44331cbc195ab685b38a4b4f2c5e7b,최종본·재제작 입력 보존 후 정리 가능
output/video/page06/outpainted/present_expanded.png,제작·기록 보존,3224252,a0c2155029ff785287a216ef2a2894e2678bebd49811714b1c24d80108c313a7,사진 재편집·재생성·출처 확인용
output/video/page06/outpainted/present_guide.png,중간 자료,3225776,c6bf9ba11a039ecc67f719eb679458e2f47218ed8c4e6650b1e8e74737f62532,최종본·재제작 입력 보존 후 정리 가능
output/video/page06/source-00.png,제작·기록 보존,501237,b2dae12d3c05f59f914bd25532871aec44a459fec2e7f62687933ab678a90e7c,사진 재편집·재생성·출처 확인용
output/video/page06/source-01.png,제작·기록 보존,1667468,13b841c17341ae8b921404dcd13d804a8fd3bdbc2b9f91b7609cde3ae5a35a40,사진 재편집·재생성·출처 확인용
output/video/page07/outpainted/alignment.json,제작·기록 보존,581,7a272e34d4152bd8be479896bdaad01cb48aebf78e264dfda2d1dd6f08760752,사진 재편집·재생성·출처 확인용
output/video/page07/outpainted/frame_end.png,제작·기록 보존,2871530,e69be899d0ccf303dc7a87f4a63560e5dbbf2e6fe0012108f6af3c2f1aa7de9f,사진 재편집·재생성·출처 확인용
output/video/page07/outpainted/frame_start.png,제작·기록 보존,2335870,d6a95409255f3b96fd3dc93e1a193b38a846665d92ba9e497119cea76e67f301,사진 재편집·재생성·출처 확인용
output/video/page07/outpainted/frame_transition.png,중간 자료,2617377,2bf20de6f4eae13c6f1a3ff02c82ff9624394f5f0eb4cd48848b2aef4d4e5317,최종본·재제작 입력 보존 후 정리 가능
output/video/page07/outpainted/past_expanded.png,제작·기록 보존,5034497,2c3b150315772f4cf24cf884ce53c66f80953066fb9ee2f90475b06d85812047,사진 재편집·재생성·출처 확인용
output/video/page07/outpainted/past_generated.png,제작·기록 보존,3043022,f2b941a5bdeef01237d41ea5d44bc17864950b1cda3eaa82f775bf3bec654348,사진 재편집·재생성·출처 확인용
output/video/page07/outpainted/past_guide.png,중간 자료,4294372,fa19624628939ff14e0771118c2f357c1f82b1b74dc2d9a027e99ab98b82b2b8,최종본·재제작 입력 보존 후 정리 가능
output/video/page07/outpainted/present_expanded.png,제작·기록 보존,5497914,33c23eaafb09812531a6234e1bded6b4e45c335db43c080332a159665488f413,사진 재편집·재생성·출처 확인용
output/video/page07/outpainted/present_generated.png,제작·기록 보존,3531758,0bac0185d4edc729e8cc22f9ecb4a6d4e8fd51ec859a7741025bc0a26f5de09d,사진 재편집·재생성·출처 확인용
output/video/page07/outpainted/present_guide.png,중간 자료,4709823,436cdd71c1125cc59f51c71479d7c3f2930b3090cd3d5b08ce621af3e033da1c,최종본·재제작 입력 보존 후 정리 가능
output/video/page07/source-00.png,제작·기록 보존,1300136,901f68af0effe34ad96d8899330617d7f103e7b74309770b7726d2917d2a9df9,사진 재편집·재생성·출처 확인용
output/video/page07/source-01.png,제작·기록 보존,1730901,9ec2297b243cea9a1f622f48fc48751fc47656573cb6bdac5e487f1b6ddb00b7,사진 재편집·재생성·출처 확인용
output/video/page08/outpainted/alignment.json,제작·기록 보존,607,779d5082818ac2e4540f6782c205c41587180c7d2e665af678fb0f0ce7bcca1c,사진 재편집·재생성·출처 확인용
output/video/page08/outpainted/frame_end.png,제작·기록 보존,1504492,a84d46023c7846007438b0617a41f3a895eecccd4ce668dbd66f9e0ea7655af2,사진 재편집·재생성·출처 확인용
output/video/page08/outpainted/frame_start.png,제작·기록 보존,1596985,3903c9b53edecfef043b0d80ccb138ad40c2955f33bbd4731c9c045a09d585c2,사진 재편집·재생성·출처 확인용
output/video/page08/outpainted/frame_transition.png,중간 자료,1571233,9cb0a2640c48456fedec64a5b7d9a67c05125573b0249a127d10d22abee5006b,최종본·재제작 입력 보존 후 정리 가능
output/video/page08/outpainted/past_expanded.png,제작·기록 보존,3562591,2e09666c580f443b448a9116f0a274ddfc74a798294a7d3286e55aa8d8509e1c,사진 재편집·재생성·출처 확인용
output/video/page08/outpainted/past_generated.png,제작·기록 보존,2017867,85a046aa45b6ec771dd1a5e331d737bacb1682c5613107be33b3bd343fb11585,사진 재편집·재생성·출처 확인용
output/video/page08/outpainted/past_guide.png,중간 자료,3375465,7a2a5020f79b9a957149f0a270d262c523378005ab228b13e6dcdb9fbb4e7944,최종본·재제작 입력 보존 후 정리 가능
output/video/page08/outpainted/present_expanded.png,제작·기록 보존,3266766,d3cd80bb506a6c3435fe7da0396e423f37487f9201bc77d4743822a2f706b742,사진 재편집·재생성·출처 확인용
output/video/page08/outpainted/present_generated.png,제작·기록 보존,2193889,8d26ed4a40706af2a555d5862562a6d657ce1a85447fe3cbff2db759a0f2f6aa,사진 재편집·재생성·출처 확인용
output/video/page08/outpainted/present_guide.png,중간 자료,2967935,3f031f80365713a53f194ffbe14cd1530d0cc606768c97902a53b164c6c53a80,최종본·재제작 입력 보존 후 정리 가능
output/video/page08/source-00.png,제작·기록 보존,926772,fc709338213d832e3ff3d8ffd8acd5f825fe308b219f49e235d77d789e86958d,사진 재편집·재생성·출처 확인용
output/video/page08/source-01.png,제작·기록 보존,911408,70e48cb664f9edd3a57c4402892c28aae9cf4fc808b232ee14f6812b72845a9e,사진 재편집·재생성·출처 확인용
output/video/page09/outpainted/alignment.json,제작·기록 보존,611,1d78816ee0432e8f32d58286cdcb1325a8cba6c5faa1b9d763e7a001faab9132,사진 재편집·재생성·출처 확인용
output/video/page09/outpainted/frame_end.png,제작·기록 보존,2137724,7ef2dfa6914cef580888a9acb544aee01dc3ed4fdd3169f956ca20c48206c682,사진 재편집·재생성·출처 확인용
output/video/page09/outpainted/frame_start.png,제작·기록 보존,1607149,a381709c68f4eed79d9e603291f8f0a0ee73d589607b5522ef603508064c24cf,사진 재편집·재생성·출처 확인용
output/video/page09/outpainted/frame_transition.png,중간 자료,1971109,ef5b0e182f5ecebf86a93e10381b89814e1411be8a9b5dd89531a65feaaccf64,최종본·재제작 입력 보존 후 정리 가능
output/video/page09/outpainted/past_expanded.png,제작·기록 보존,3726772,571060676acc64ae856479708be83edf9520b2f710e6478e96659a837465f60f,사진 재편집·재생성·출처 확인용
output/video/page09/outpainted/past_guide.png,중간 자료,3729283,ab15a7ddb9f064142e17ad2afb7ac233591ff3a89dcc8489632858dc553f841e,최종본·재제작 입력 보존 후 정리 가능
output/video/page09/outpainted/present_expanded.png,제작·기록 보존,4189826,f3771fb473e4af1cd53b941e3b0b38494979dd5e066b1a60a99ac75be5e95c5e,사진 재편집·재생성·출처 확인용
output/video/page09/outpainted/present_guide.png,중간 자료,4191087,be32f8833ebf55eb871b9c40cfbc7d07bd6bb1fe107e259199202d1112ed169c,최종본·재제작 입력 보존 후 정리 가능
output/video/page09/source-00.png,제작·기록 보존,301371,61003e470b3825ed01dad3af4620c4df128037e278ceaa1086dad7c29aae60e1,사진 재편집·재생성·출처 확인용
output/video/page09/source-01.png,제작·기록 보존,10160816,fe0506102b6695a5716a12c1d5d2409c8ddb1cd8e3983e10eda286745f2ffaa2,사진 재편집·재생성·출처 확인용
output/video/page10/outpainted/alignment.json,제작·기록 보존,598,ca92f465fd66c88c253bc6f8a30d94b9124ac9625850c5be2b0599416b5b98b3,사진 재편집·재생성·출처 확인용
output/video/page10/outpainted/frame_end.png,제작·기록 보존,1507155,fa1935e6bfe29976538248001a2b30e74f2c206a6cd373be54111903b226ffa1,사진 재편집·재생성·출처 확인용
output/video/page10/outpainted/frame_start.png,제작·기록 보존,1582446,d60a20b46346db41623b94a2bd6bd59bfbbab0021f1ac903795a8cb21198031f,사진 재편집·재생성·출처 확인용
output/video/page10/outpainted/frame_transition.png,중간 자료,1723814,1ebde650daa83e86729e628840dbb2e69bf2f966742b2ab1ff3367b71538224a,최종본·재제작 입력 보존 후 정리 가능
output/video/page10/outpainted/past_expanded.png,제작·기록 보존,3699395,a2665e28e064c2210bdbfd5eda0d66ca77aefcad2270079eab4cf8dba79a4f32,사진 재편집·재생성·출처 확인용
output/video/page10/outpainted/past_guide.png,중간 자료,3701461,bf8de24390bc95e11b4d2e53b4235d9fc995ad4148af4559d466f3f9a2d9909d,최종본·재제작 입력 보존 후 정리 가능
output/video/page10/outpainted/present_expanded.png,제작·기록 보존,2878057,f2d8a79b812a9663fdcc1c426e2a398a1c02d820cdd5b66d2b1253906daa4987,사진 재편집·재생성·출처 확인용
output/video/page10/outpainted/present_guide.png,중간 자료,2880341,7208c9d9a36c089c3e76d1de9bede53e9a71bc10de4dae00c2f6e1601194e729,최종본·재제작 입력 보존 후 정리 가능
output/video/page10/source-00.png,제작·기록 보존,3673525,63746ba94388a1d24fb280dc663ed298edf56dc57a395bc9787426d573688dcd,사진 재편집·재생성·출처 확인용
output/video/page10/source-01.png,제작·기록 보존,2742690,c414cb323a4c7bbf1dcbb880b95b2774f9f3327d6360b3b820bf8a3a0388c20d,사진 재편집·재생성·출처 확인용
output/video/page11/outpainted/alignment.json,제작·기록 보존,582,4c8429bb79bfffeac92a8d55d877dbad1d09ee5aadedd4c838311f1a75157b51,사진 재편집·재생성·출처 확인용
output/video/page11/outpainted/frame_end.png,제작·기록 보존,2374418,335794baeef5d4b582594324f3ec66b1a0b94459f78d5026ab4985f9843a13f8,사진 재편집·재생성·출처 확인용
output/video/page11/outpainted/frame_start.png,제작·기록 보존,1662977,1eb16b86a56c8747618ee1e51677ffbd8c6761548f57fb58925a4934bdc56ddb,사진 재편집·재생성·출처 확인용
output/video/page11/outpainted/frame_transition.png,중간 자료,2199605,4f2940ffea085899f9bd872361627c5059e728ee3f395e9e2ea5b68e8e4dd5e1,최종본·재제작 입력 보존 후 정리 가능
output/video/page11/outpainted/past_expanded.png,제작·기록 보존,3673480,d4fdd90d1610e85ed0cfd0729f0ab732cb6762aab000e288081fff2a337f0f1d,사진 재편집·재생성·출처 확인용
output/video/page11/outpainted/past_guide.png,중간 자료,3676111,43a60b8307d64786705256c5371168fd37ae674abd36096a1abe2e3ad214d492,최종본·재제작 입력 보존 후 정리 가능
output/video/page11/outpainted/present_expanded.png,제작·기록 보존,4549391,5662cae0152451b4d67498ef1b629f9496bd4297acbd4e9e50c092c65518d95d,사진 재편집·재생성·출처 확인용
output/video/page11/outpainted/present_guide.png,중간 자료,4550756,54080b175aef8dbca33e1a1a0101771ba3534fac6abad04ad6f9d0d911bf6178,최종본·재제작 입력 보존 후 정리 가능
output/video/page11/source-00.png,제작·기록 보존,1101873,01be03f7f9e5c2717da89c82873fc3dc055b0bcfdf7e8fceeca843d14ec141c4,사진 재편집·재생성·출처 확인용
output/video/page11/source-01.png,제작·기록 보존,13113714,91e318da30705eaee9318655d55c76a699f4f70c9589862597db54797d19163d,사진 재편집·재생성·출처 확인용
output/video/page12/outpainted/alignment.json,제작·기록 보존,599,787ec29fc76c6335718ccb33b2b39dfc18c0b875a146fe6bbfa6c07998326bdd,사진 재편집·재생성·출처 확인용
output/video/page12/outpainted/frame_end.png,제작·기록 보존,1316456,2decce674c93a15bf3b1544761e74fc3409df2cc2fc60939637477b4b8fae9d0,사진 재편집·재생성·출처 확인용
output/video/page12/outpainted/frame_start.png,제작·기록 보존,1498954,5c45575cc4aa1c05cd7573c57837976292da3a8ff045d6195eea2c582d4f101c,사진 재편집·재생성·출처 확인용
output/video/page12/outpainted/frame_transition.png,중간 자료,1703023,518799881faea0a8012126da36d9ef4edf2d5e1bdf6ea42c6cbf0a77b9aad4e2,최종본·재제작 입력 보존 후 정리 가능
output/video/page12/outpainted/past_expanded.png,제작·기록 보존,3826074,d2b40d19fd559c93b5a48727f2a2553e6ddce839d6243996818f3147e251c13f,사진 재편집·재생성·출처 확인용
output/video/page12/outpainted/past_generated.png,제작·기록 보존,2318090,aeeccd5c518b51720754227ce5b2af0d3b110a2191b4a62b766f94960c6cf27e,사진 재편집·재생성·출처 확인용
output/video/page12/outpainted/past_guide.png,중간 자료,3370775,5ce12f54f596f06d20bf760ebcfd30318196de7a370fccd56d4d2fa0bb436946,최종본·재제작 입력 보존 후 정리 가능
output/video/page12/outpainted/present_expanded.png,제작·기록 보존,2948715,2a28c679ae44f863b0038dda220ff1994b9afc3431142e5e730d1ecbe0c782a9,사진 재편집·재생성·출처 확인용
output/video/page12/outpainted/present_generated.png,제작·기록 보존,2428010,0c53f1449f6d6b04862338521bd0fead28ed57bbdcf51a5aae336a04e3f883fb,사진 재편집·재생성·출처 확인용
output/video/page12/outpainted/present_guide.png,중간 자료,2662226,2318ddcedd44cf5e8e687585d0d4e228158217d9decc1e0e617de86fa1e87f15,최종본·재제작 입력 보존 후 정리 가능
output/video/page12/source-00.png,제작·기록 보존,1017957,badc4f9e5af7ad5bc6aa552b8ae99253d3d56fbcc70ef18446f5bb12a6f3ef17,사진 재편집·재생성·출처 확인용
output/video/page12/source-01.png,제작·기록 보존,6841999,2be8a72da4f85d7fe0cabc0b399db594ddc6308bbb95f2fba9c349de8d98f71e,사진 재편집·재생성·출처 확인용
output/video/pages-02-12/README.md,제작·기록 보존,5489,0ca42c3007deedd06e87f19f9dfc80add44a6b45cba3c27bb42b8ec50f6610f4,사진 재편집·재생성·출처 확인용
output/video/pages-02-12/archive-content.json,제작·기록 보존,9948,c732e8f502917a353785898b359c22a65cbaed9bad6963fdcf22c4445ef6c705,사진 재편집·재생성·출처 확인용
output/video/pages-02-12/archive-text.md,제작·기록 보존,7383,8abe23eb0a2044921293e398427dc314cfd799d3f1cb3730bbb0abde141b8e84,사진 재편집·재생성·출처 확인용
output/video/pages-02-12/archive.css,제작·기록 보존,7914,857f49678a2dd21d772fb11893a1f6e13373fed2943ef43ad8d2e952cb256f6c,사진 재편집·재생성·출처 확인용
output/video/pages-02-12/archive.js,제작·기록 보존,1599,cd1590b852b67b4c1d5681db1a3bfe8c6903d03f605b25fac5b2e8871a3a8c4f,사진 재편집·재생성·출처 확인용
output/video/pages-02-12/archive_page01_5s.mp4,제작·기록 보존,1612999,8c5a882a4f2ee9521b671f3c49c0f771e90f0da8b3d2ab765c8fe5f1c2012580,사진 재편집·재생성·출처 확인용
output/video/pages-02-12/archive_page02_5s.mp4,제작·기록 보존,1024210,8ad80f4f7ce9986bff93d7a3a1c318ebc1026be57803192572540bef0217a4e4,사진 재편집·재생성·출처 확인용
output/video/pages-02-12/archive_page03_5s.mp4,제작·기록 보존,990846,2035a6027e8dce4fe97d362bbcdd5b44c8a4379d6a03c1e10ad43bb16c5be05d,사진 재편집·재생성·출처 확인용
output/video/pages-02-12/archive_page04_5s.mp4,제작·기록 보존,1080303,60334f2c432df729bcadee963cde3b4e5fbca001738800d36786a4f3578665b6,사진 재편집·재생성·출처 확인용
output/video/pages-02-12/archive_page05_5s.mp4,제작·기록 보존,1095122,64ea9c4e24f9f5682459d2041a1c8bfd9b7f2be04d7318f8769330cd10c11317,사진 재편집·재생성·출처 확인용
output/video/pages-02-12/archive_page06_5s.mp4,제작·기록 보존,907318,919625e24da41a037a3712850c730c0bdd5df77c09e481e4a3607989d673a5be,사진 재편집·재생성·출처 확인용
output/video/pages-02-12/archive_page07_5s.mp4,제작·기록 보존,1939942,be660e53de7a7e31f355d1261c5f81cd5b93490a98588f515ab5daa503d3450b,사진 재편집·재생성·출처 확인용
output/video/pages-02-12/archive_page08_5s.mp4,제작·기록 보존,985369,f5b92ee2dc3964ab58046a3c1a9162ee55ff9984eaaf76c33ca267f80b2324d1,사진 재편집·재생성·출처 확인용
output/video/pages-02-12/archive_page09_5s.mp4,제작·기록 보존,1570416,12ccab377c8019c5263d78d985a241476e5fe17b80559673bcc30cbde11f8b2e,사진 재편집·재생성·출처 확인용
output/video/pages-02-12/archive_page10_5s.mp4,제작·기록 보존,1128879,84fa9393dd30bfba1677a434cb784a98f997594f00b90c2ca900b3521ea27e81,사진 재편집·재생성·출처 확인용
output/video/pages-02-12/archive_page11_5s.mp4,제작·기록 보존,1511661,ed7dfc8931f219adc6c310c406b23884746ee8023a2666602eddab41926b5baa,사진 재편집·재생성·출처 확인용
output/video/pages-02-12/archive_page12_5s.mp4,제작·기록 보존,993760,d330dd312ee9cf6a52dd07f52f6a8a659a644d4341cfae7f3ca1914cd02f4f62,사진 재편집·재생성·출처 확인용
output/video/pages-02-12/generation.json,제작·기록 보존,8978,535fb1b2745b4deaf85ffbdbaa7848471631b66d71e9d416900c1c12740df118,사진 재편집·재생성·출처 확인용
output/video/pages-02-12/index.html,제작·기록 보존,43502,f8e16c5896f90c90254861f7849eb3477beb433f6f3901519ea701db860c98e2,사진 재편집·재생성·출처 확인용
output/video/pages-02-12/manifest.json,제작·기록 보존,4573,68404e2f4b8c1631d3569bdcfb2990bd166e2d1068d18e2c94a7223c2c343004,사진 재편집·재생성·출처 확인용
output/video/pages-02-12/motion-sample.css,제작·기록 보존,3032,ac66906f2bcf98c644702dfd90e9f945431bc7658bce7a251a7f6e042ef4c8bd,사진 재편집·재생성·출처 확인용
output/video/pages-02-12/motion-sample.js,제작·기록 보존,2832,10cfc9aaef1eb92f3b31ff25d68fa083835da04679416a992a5d873a1c113dc9,사진 재편집·재생성·출처 확인용
output/video/pages-02-12/motion01-end-640.webp,제작·기록 보존,123824,211fdb81ba1be653a1985935c1f4d477a1d882da87b368c3d8192ab4644e9c4f,사진 재편집·재생성·출처 확인용
output/video/pages-02-12/motion01-end.webp,제작·기록 보존,280880,7f8cf6895000d0ad730f25e1d3e0cf994452814df11518ec3f3660368727fc6f,사진 재편집·재생성·출처 확인용
output/video/pages-02-12/motion01-start-640.webp,제작·기록 보존,79768,52b78c03c601f0079de4a87e6e735df4117cce1eee247cdea926cc8630097803,사진 재편집·재생성·출처 확인용
output/video/pages-02-12/motion01-start.webp,제작·기록 보존,157026,7e72f19874d3dc451e9f603e4a2b2d20c5bb7a104075e3963a9d1dddf3d4c9e3,사진 재편집·재생성·출처 확인용
output/video/pages-02-12/motion02-end-640.webp,제작·기록 보존,47846,29ac708be498092d93a14abab3edef9f6ca005e394ddf22c191abe3dbb2230e3,사진 재편집·재생성·출처 확인용
output/video/pages-02-12/motion02-end.webp,제작·기록 보존,114420,def77b02b170313ea58061724ca6992b7817f08a9c877ece2cb56d30eb60d5b1,사진 재편집·재생성·출처 확인용
output/video/pages-02-12/motion02-start-640.webp,제작·기록 보존,44344,1f622c18058d9a94c5839264784c8283eb722e3b4d842cd7a916203fe995d0cc,사진 재편집·재생성·출처 확인용
output/video/pages-02-12/motion02-start.webp,제작·기록 보존,100570,236207dfdbb7000d79ea9396c618a78dba7933f88ee51fc2ccaaa405095f270e,사진 재편집·재생성·출처 확인용
output/video/pages-02-12/motion03-end-640.webp,제작·기록 보존,44014,9a1bb7407f9d3463055ff4c40b810f4d99c93be87a4fdc8868c4bab365037527,사진 재편집·재생성·출처 확인용
output/video/pages-02-12/motion03-end.webp,제작·기록 보존,111904,e1bea5f3a68ac2ca4e6c96e5e20381b93060ed1a14ba31f69f76fb1c5ce84b00,사진 재편집·재생성·출처 확인용
output/video/pages-02-12/motion03-start-640.webp,제작·기록 보존,28508,e0e37aa46f64284ccd87094409d9248de3e9ed1362d99214645d4e2fde2a6c8b,사진 재편집·재생성·출처 확인용
output/video/pages-02-12/motion03-start.webp,제작·기록 보존,68798,318ccb3dc6e62e8cc65e00cd270045fdface0edde87d90a45d952ead68cac052,사진 재편집·재생성·출처 확인용
output/video/pages-02-12/motion04-end-640.webp,제작·기록 보존,55120,d08cc492b631391bbe589ab48345211666ef253f788cab54241b9ea1faf23352,사진 재편집·재생성·출처 확인용
output/video/pages-02-12/motion04-end.webp,제작·기록 보존,133392,31478c6027c62aad86a1f55e4e092c40076874d7eeef92c932e65b0fc058bc88,사진 재편집·재생성·출처 확인용
output/video/pages-02-12/motion04-start-640.webp,제작·기록 보존,45758,852c90cc2720d26f0ba023e2d8ac96439686935819a2aef7ffe1acb973b98851,사진 재편집·재생성·출처 확인용
output/video/pages-02-12/motion04-start.webp,제작·기록 보존,109448,af3ed09766ab23daccdc6a58f26299bb29c7fa461a4ffdcf59fd89c8a03a18ae,사진 재편집·재생성·출처 확인용
output/video/pages-02-12/motion05-end-640.webp,제작·기록 보존,70558,6a9dfd1b7a144810098ca9f84acedbc75c04c35fca0ff9bb97578c8e07f39ed7,사진 재편집·재생성·출처 확인용
output/video/pages-02-12/motion05-end.webp,제작·기록 보존,161420,160454020f558b72bf37126c40407caaa9cc743a98a79e9ba624f2a89dc0e984,사진 재편집·재생성·출처 확인용
output/video/pages-02-12/motion05-start-640.webp,제작·기록 보존,35582,66f18a2f7141527b1541faebe97f5ed12f922a01e0ea7f631798e867b348a85b,사진 재편집·재생성·출처 확인용
output/video/pages-02-12/motion05-start.webp,제작·기록 보존,78744,073444581fa2937a91a4894529dbbd53c3edbce75690fbef274280f2018bbced,사진 재편집·재생성·출처 확인용
output/video/pages-02-12/motion06-end-640.webp,제작·기록 보존,58716,50f2ca2602ca50c9f8f4363b23285d9a4c35fef4a1f4dec55ea67e0c7392710a,사진 재편집·재생성·출처 확인용
output/video/pages-02-12/motion06-end.webp,제작·기록 보존,129582,86a65cf3632d82c3d118daec5f464497f22ccefefdfb868055c5864e46f2f848,사진 재편집·재생성·출처 확인용
output/video/pages-02-12/motion06-start-640.webp,제작·기록 보존,18926,437ab4e4dceedecb7dab5ca544ad86f3243313e6b6771fb4dd6947b814eaeefe,사진 재편집·재생성·출처 확인용
output/video/pages-02-12/motion06-start.webp,제작·기록 보존,39106,7708c818c7f57c88295c3bebd4b254b8bd44eb43e9d764da680b656abdcddadc,사진 재편집·재생성·출처 확인용
output/video/pages-02-12/motion07-end-640.webp,제작·기록 보존,123462,590646b54a624ddcee2a7ada24da7c5e20c60d060ce164d4fe0e0ee055346357,사진 재편집·재생성·출처 확인용
output/video/pages-02-12/motion07-end.webp,제작·기록 보존,313490,722c502a0e20d9f72d15111617ff8a60c877844488592b043c852660c3588481,사진 재편집·재생성·출처 확인용
output/video/pages-02-12/motion07-start-640.webp,제작·기록 보존,94522,2383edff2244b5c451bd24f0791745653ba20e5efe4a2221d653c61853110602,사진 재편집·재생성·출처 확인용
output/video/pages-02-12/motion07-start.webp,제작·기록 보존,202758,e8fcef446d83656e32a1dcf7698c9a3590f9acf44e36fa8771fbccd9560cbc58,사진 재편집·재생성·출처 확인용
output/video/pages-02-12/motion08-end-640.webp,제작·기록 보존,41606,66ca4454bd95ad0e60fa4466ffe9a17f41e49a69315ac4b6f675ad5620d65e50,사진 재편집·재생성·출처 확인용
output/video/pages-02-12/motion08-end.webp,제작·기록 보존,93366,fe52d8f0cc5bb0b086f1aa3e9e6faadb2ab94996cad6c567b98c97ea70ee6765,사진 재편집·재생성·출처 확인용
output/video/pages-02-12/motion08-start-640.webp,제작·기록 보존,40312,233868bd9fc8649b2a2ee138761b4bf85c7e7c0d28d80b5c8c9632cb9bbffdfd,사진 재편집·재생성·출처 확인용
output/video/pages-02-12/motion08-start.webp,제작·기록 보존,83664,10537fcb63cf7ec9121793351edeeb3596495b50c02a2471b5d38433caa1b208,사진 재편집·재생성·출처 확인용
output/video/pages-02-12/motion09-end-640.webp,제작·기록 보존,89316,693db668b18d124df6879d8b27e37811000259b4fadb08f0fbebae30693dfc82,사진 재편집·재생성·출처 확인용
output/video/pages-02-12/motion09-end.webp,제작·기록 보존,281928,7c5f01ad17716d9c839ba7304701286f409078840e19ba2d20ac1030da57bd9e,사진 재편집·재생성·출처 확인용
output/video/pages-02-12/motion09-start-640.webp,제작·기록 보존,47504,b5345b76b1a996b4c177260cbf551606449f991a66826865842af36b710b919d,사진 재편집·재생성·출처 확인용
output/video/pages-02-12/motion09-start.webp,제작·기록 보존,97276,21d743a052c295a7af3e80966725aa18c1c3cce7b980669ce23dde1328f023e7,사진 재편집·재생성·출처 확인용
output/video/pages-02-12/motion10-end-640.webp,제작·기록 보존,56280,ec5107dc46d664cedd72c6d9a1f5b88c39326a2b0331fb72dfb170916b865f85,사진 재편집·재생성·출처 확인용
output/video/pages-02-12/motion10-end.webp,제작·기록 보존,154598,a8be05ba56c98db384a5f9f0b284894a568538dbf2088271e00861267d9474a7,사진 재편집·재생성·출처 확인용
output/video/pages-02-12/motion10-start-640.webp,제작·기록 보존,47564,1dd29404d53fe0643fdb7bad7e66fecd61b33386b764d9b5e73e97b83fe9c9a3,사진 재편집·재생성·출처 확인용
output/video/pages-02-12/motion10-start.webp,제작·기록 보존,102648,f7f27a931a37f33a06a4c65efccd81c22a40bf9a94c2f582bf23e9ba5f042407,사진 재편집·재생성·출처 확인용
output/video/pages-02-12/motion11-end-640.webp,제작·기록 보존,100330,9d0b99795d7f72f110a70a325b43462b88298bc6fbc53539cac223e8e43a2a79,사진 재편집·재생성·출처 확인용
output/video/pages-02-12/motion11-end.webp,제작·기록 보존,310052,c8d44e75bf4dffbbd4e2b4a4d3c96683897897e8ea128e60cd8e47c7fa8a30f9,사진 재편집·재생성·출처 확인용
output/video/pages-02-12/motion11-start-640.webp,제작·기록 보존,50760,df849beec767f106e79f17ebdf3327fccc5ac8a26968836c2f21da1dfc3faa13,사진 재편집·재생성·출처 확인용
output/video/pages-02-12/motion11-start.webp,제작·기록 보존,113004,697a4974cd51df5ea7f3b48cb2791cbda571635361052d9e5382daa6ee78e909,사진 재편집·재생성·출처 확인용
output/video/pages-02-12/motion12-end-640.webp,제작·기록 보존,50164,dafb1fc8dec7bb3f2b44880320ee54f1b34946c8738e31c62c559350bc765f99,사진 재편집·재생성·출처 확인용
output/video/pages-02-12/motion12-end.webp,제작·기록 보존,156054,d6cecd67c84a26de222269863cd9dc5b38bb116ffb9c59bab95cdfa1a2add819,사진 재편집·재생성·출처 확인용
output/video/pages-02-12/motion12-start-640.webp,제작·기록 보존,33410,81b52850417cf6598c6e5867dfb726299184e94be20daf2134c9375a2d3729c3,사진 재편집·재생성·출처 확인용
output/video/pages-02-12/motion12-start.webp,제작·기록 보존,85402,0c6abf6faa0389dc740527b71b7801f5438e8b538898c4129b16a8f95c7c057e,사진 재편집·재생성·출처 확인용
output/video/pages-02-12/page01-generation.md,제작·기록 보존,4402,0602664c40a81b84336990932761f562c4f07879e169894a14ebcd5f33bf56f1,사진 재편집·재생성·출처 확인용
output/video/pages-02-12/poster01.jpg,중간 자료,48391,66987d97c4745d0574994edc4c5fefdee1eb371c63a1cd68176bd3b427ff3e40,최종본·재제작 입력 보존 후 정리 가능
output/video/pages-02-12/poster02.jpg,중간 자료,39763,b34b091262b5a588fa5369399ece3d39fb72a56cfed038a8ef631fb2ca448b0e,최종본·재제작 입력 보존 후 정리 가능
output/video/pages-02-12/poster03.jpg,중간 자료,33047,0b4a27848f6786a81d3427dde3660696d32b02ab45909cbcd92bacdb136212eb,최종본·재제작 입력 보존 후 정리 가능
output/video/pages-02-12/poster04.jpg,중간 자료,35609,b4e577e23a2bca36a93a5063f676263387cd90883ee4dc94ed3fe4726a088683,최종본·재제작 입력 보존 후 정리 가능
output/video/pages-02-12/poster05.jpg,중간 자료,35827,02a632b38316c3e1f9b37a21cad633acd19a7bee821f3383d19ec7ef3b346598,최종본·재제작 입력 보존 후 정리 가능
output/video/pages-02-12/poster06.jpg,중간 자료,25395,9caf35c3ed045ba489dbaba3c25d245b5df0afa9c70a9660b39327688ad41677,최종본·재제작 입력 보존 후 정리 가능
output/video/pages-02-12/poster07.jpg,중간 자료,58081,e926bc785ffa812f1426941e43af95e80a9184feed821582563f240e8681e7c0,최종본·재제작 입력 보존 후 정리 가능
output/video/pages-02-12/poster08.jpg,중간 자료,39993,2e8cfa8a038af9206296e5e73390473f2502121e79af514abb77fae04e42129d,최종본·재제작 입력 보존 후 정리 가능
output/video/pages-02-12/poster09.jpg,중간 자료,38620,79738f67cba79f1f31bbe46c99efdc384d28210221d15f71eb20a891f059e962,최종본·재제작 입력 보존 후 정리 가능
output/video/pages-02-12/poster10.jpg,중간 자료,41474,8a649c002cd883547657b0f4f4dfd686854027564fd576e90d3adc9d53ae5f72,최종본·재제작 입력 보존 후 정리 가능
output/video/pages-02-12/poster11.jpg,중간 자료,46924,cb1c370966ea8520b28ba6a7e25b57bd3b801ce3866c5599059fb11f8bf9bf48,최종본·재제작 입력 보존 후 정리 가능
output/video/pages-02-12/poster12.jpg,중간 자료,29625,035147317c1fee883fa6b70d25370dabc89bd9b19a00441c24c7c0bec8316a55,최종본·재제작 입력 보존 후 정리 가능
output/video/pages-02-12/welfare-logo.webp,제작·기록 보존,69724,a311f7e5325ad562ff250a698d7e002de98ae897c706e46a045cff9a76d72445,사진 재편집·재생성·출처 확인용
output/video/pages-02-12-sources.json,제작·기록 보존,3758,ad5aa04d7ed5714b7ff5749a2b4585d4bae1375875f1a7befd4df817743792ec,사진 재편집·재생성·출처 확인용
output/video/ungsang_pages_01-12_5s.zip,전달본 보존,20226539,41bd6246841933f3659544b1ca2ad2512eb0ae3e32d0581359a9fc5c216375cd,생성 당시 묶음; 이후 사이트 수정 자동 반영 안 됨
output/video/ungsang_pages_02-12_5s.zip,구버전 보관,13632683,6b7305f3491cd7cb0dd5fb74fc21a1760b0a4cf701ad5b8983d231b4e35a10ec,1페이지 추가 전 전달본
tmp/pdfs/archive-text-raw.json,정리 가능,473,2899652bc59e1848853b1e5ca47a56e5ce366a30a4e20d43a5df7b8da5d8fe0b,원자료와 확정 결과 보존 후 정리
tmp/pdfs/final-02.jpg,정리 가능,274899,c9a68ea7871932539a1acbe6bb57ae465defa0dd329ce4881fec0c97190592bd,원자료와 확정 결과 보존 후 정리
tmp/pdfs/final-06.jpg,정리 가능,323566,f6f46a0b201332b621b7d4681affc3c7af58fbe9fb79183af49da1d4da612f97,원자료와 확정 결과 보존 후 정리
tmp/pdfs/final-10.jpg,정리 가능,229061,3ede954fd066ffd98b146c07a3022fb8d1957b6bca6967330c9670dc5fd49923,원자료와 확정 결과 보존 후 정리
tmp/pdfs/generated-03.jpg,정리 가능,234817,1fd18d7cab2081c2c28335493e6de9856b2efbe5ebce92b9dd1ab8f662fa4fd4,원자료와 확정 결과 보존 후 정리
tmp/pdfs/generated-08.jpg,정리 가능,116395,0cc3575324477e8052979a027ffa2db9be4f7521b809e9e7f7345a8b5823e64e,원자료와 확정 결과 보존 후 정리
tmp/pdfs/page01-asset-0.png,정리 가능,278272,07c8d93297abc97a698d4aa68782927b7b5702fa13498f3d072fe77d89b89cca,원자료와 확정 결과 보존 후 정리
tmp/pdfs/page01-asset-1.png,정리 가능,2670971,642fbe384ad2e192a3b6fe2a1bd490d5dbd29a42d1878115cab2a4635981d941,원자료와 확정 결과 보존 후 정리
tmp/pdfs/page01-asset-2.png,정리 가능,218471,ee51b448483579046d4253a06a293d66808cc402ea35f05d82ace64d5437eebd,원자료와 확정 결과 보존 후 정리
tmp/pdfs/page01-asset-3.png,정리 가능,240242,604c8e613eb2c10b512511a99df0a7c344727b1f5b2eb22f85b05419dff2ccc0,원자료와 확정 결과 보존 후 정리
tmp/pdfs/page01.png,정리 가능,2339746,137cf95a6b852f4998a967843253dcb59be0af0b205ae460ec422035f1162e9b,원자료와 확정 결과 보존 후 정리
tmp/pdfs/pages-02-overview.jpg,정리 가능,178641,22972e73b6dcc8b06bf2fe3ec1825175187ae7aa4efaea6d5976984406a52fe3,원자료와 확정 결과 보존 후 정리
tmp/pdfs/pages-06-overview.jpg,정리 가능,209831,44d50f89a6823eee3e1d9156faafbdb07ecc9ecee316ce2babaaf969d36281fb,원자료와 확정 결과 보존 후 정리
tmp/pdfs/pages-10-overview.jpg,정리 가능,147090,47dd9e6d80c4a407398116d4944c569adab5bc678876d349f13c5d26b8e3d979,원자료와 확정 결과 보존 후 정리
tmp/pdfs/textpage-01.png,정리 가능,3209535,c7210e4dd1f5b9be20d3dd38806fb40599bbdd708b4674af302831b32f7d0d2c,원자료와 확정 결과 보존 후 정리
tmp/pdfs/textpage-02.png,정리 가능,2893330,07fefbd86abcfa6f1a42479447f51d81cbf1733209c9994bb435273a1005070f,원자료와 확정 결과 보존 후 정리
tmp/pdfs/textpage-03.png,정리 가능,3037023,7b5166d272294183e5aea4b64a854b90fa1488dc764540b96867bb0826df5be2,원자료와 확정 결과 보존 후 정리
tmp/pdfs/textpage-04.png,정리 가능,3260229,5638ff758e0e0623e7d309a49010d595c88e26c10fc4f43ea8fb84eaf118bb69,원자료와 확정 결과 보존 후 정리
tmp/pdfs/textpage-05.png,정리 가능,2773272,0b3bc4beea229e8e55eccdd52063b8e3cf84a8ade51bc1f15b1bc055ff54d0b5,원자료와 확정 결과 보존 후 정리
tmp/pdfs/textpage-06.png,정리 가능,2240363,2bb30baefd8b132897c7372f0257f19245b1026cb71ed32f87dc57e85c17d560,원자료와 확정 결과 보존 후 정리
tmp/pdfs/textpage-07.png,정리 가능,4108426,26fc8d964640a26e2d27d7406105c75f039e2c44555a1a82ccfc4e0c39bae648,원자료와 확정 결과 보존 후 정리
tmp/pdfs/textpage-08.png,정리 가능,2542645,237794a4f2dc88f26b1e0ad5fbc3bda6fd7cd0fd85cd236006a6a8b2ac872e90,원자료와 확정 결과 보존 후 정리
tmp/pdfs/textpage-09.png,정리 가능,3858880,3d091ebca3f53a8a7d1e6943fd97f83a77fc1a8314fa9a6958f45b18b369f6d5,원자료와 확정 결과 보존 후 정리
tmp/pdfs/textpage-10.png,정리 가능,3316151,c9929a526837070dec8d0a759244cb3573c48626970dd8154cf24af6b48bee23,원자료와 확정 결과 보존 후 정리
tmp/pdfs/textpage-11.png,정리 가능,4192059,7e2faf540700fd4ea3fd108d6f71a48cc8db8a0a769761caeb3e48a52834254c,원자료와 확정 결과 보존 후 정리
tmp/pdfs/textpage-12.png,정리 가능,3076731,e73136e4dd3f0f682d4f775c6d8cfd1b330dd052301cce671dc54b081ab2fb07,원자료와 확정 결과 보존 후 정리
tmp/pdfs/video-end.png,정리 가능,2643950,a158d8c25415d8e3b9c3235afc5f561bb323e576a7f73544d45c286cbbefaddd,원자료와 확정 결과 보존 후 정리
tmp/pdfs/video-render.log,정리 가능,4278,7dfeda3fb931010e878ee5542cf54a6f679c58dcfed5bc67225d68c45cad5d6a,원자료와 확정 결과 보존 후 정리
tmp/pdfs/video-start.png,정리 가능,1694583,556925c1880581470a77497c4f9e7214f0e3ea6e16315377c34cdb9476fdccd8,원자료와 확정 결과 보존 후 정리
tmp/pdfs/video-transition.png,정리 가능,2332263,f50fb70631efa794dba1e98ae39d97c885ea7647579bf2a3ee5d229d572d13b5,원자료와 확정 결과 보존 후 정리
scripts/__pycache__/render_archive_gallery.cpython-313.pyc,정리 가능,9087,d5d809b40caef64f0501f911f6b96cf49667af8c227759c91f4b400448d28abd,자동 생성 캐시
scripts/archive.css,갱신용 원본,7914,857f49678a2dd21d772fb11893a1f6e13373fed2943ef43ad8d2e952cb256f6c,연간 절차 참조; 제작 스크립트는 환경 확인
scripts/archive.js,갱신용 원본,1599,cd1590b852b67b4c1d5681db1a3bfe8c6903d03f605b25fac5b2e8871a3a8c4f,연간 절차 참조; 제작 스크립트는 환경 확인
scripts/archive_gallery.html,갱신용 원본,3167,04dd4aad1660db7e35367b94364f2294a4da9a7045f42a97dc37acacfa7f59f3,연간 절차 참조; 제작 스크립트는 환경 확인
scripts/build_public_archive.py,갱신용 원본,897,588d7e395adc863f618b0b02758a57cd5666a21fd1fa871ca5de9cc43e094260,연간 절차 참조; 제작 스크립트는 환경 확인
scripts/create_archive_batch_videos.py,2026 제작 보존,5259,e19827721d3656f9f73b041d5b2d31d7ffc242cc8378a705aed2e764c8f94381,2026년 페이지·좌표 등에 종속
scripts/create_page01_aligned_video.py,시안 보관,1719,5c5086781bf96bfd4ce3feda8faac8fbd2c2b715b73fd1fd17ff7105fec1f64d,현재 웹 운영에는 사용하지 않음
scripts/create_page01_outpainted_video.py,2026 제작 보존,2236,6e73a275e261bb8140951ce71725f1d838428b9c14b00503f7b4f4da2134789c,2026년 페이지·좌표 등에 종속
scripts/create_page01_video.py,시안 보관,1604,7b5a4af65eeca8bf66c755762ed1abc94e469477ee8416c641d1aee978b7166f,현재 웹 운영에는 사용하지 않음
scripts/extract_archive_pages.py,2026 제작 보존,1477,944415da6b9b54f6b1ec416dbd0b7a43fd4ae47e34657edaec6aa43d8af63edd,2026년 페이지·좌표 등에 종속
scripts/motion-sample.css,갱신용 원본,3032,ac66906f2bcf98c644702dfd90e9f945431bc7658bce7a251a7f6e042ef4c8bd,연간 절차 참조; 제작 스크립트는 환경 확인
scripts/motion-sample.js,갱신용 원본,2832,10cfc9aaef1eb92f3b31ff25d68fa083835da04679416a992a5d873a1c113dc9,연간 절차 참조; 제작 스크립트는 환경 확인
scripts/motion_overlays.json,갱신용 원본,4447,6e2f5ad0fbc11b18f266854307282320ca9ddcf71f66379744179e09356a9adf,연간 절차 참조; 제작 스크립트는 환경 확인
scripts/motion_sample.html,시안 보관,1629,2f958fcdcad5c3a0be0e0c47a4955b2caac6dc9d4e84a88ef1311b1e365f50b9,현재 웹 운영에는 사용하지 않음
scripts/package_archive_batch.py,2026 제작 보존,4389,7a5b9eccaafe1706438a97ca72c9acfb5f84905105e6625e3d669b597cded447,2026년 페이지·좌표 등에 종속
scripts/prepare_archive_batch.py,2026 제작 보존,3240,218dda3abedc8444d76ea25640ba2e28890c642e4786979ef8eb00c6a952f8e0,2026년 페이지·좌표 등에 종속
scripts/prepare_assets.py,갱신용 원본,1619,941958242a6d163c4866bb28d76bc2f89958740b7209afcfd6f307ffc1261281,연간 절차 참조; 제작 스크립트는 환경 확인
scripts/prepare_motion_photos.py,갱신용 원본,1174,d9cd67e5ab80ad041019c216099357b75c78996e78e9eac247ba38abb6f77cdd,연간 절차 참조; 제작 스크립트는 환경 확인
scripts/prepare_page01_outpaint.py,2026 제작 보존,784,431ce5b63b6c1bdccb4a2dc6b7c06b799e0a83fdd5f6819a8fb580fcf7409a34,2026년 페이지·좌표 등에 종속
scripts/render_archive_gallery.py,갱신용 원본,5546,3c9e76b7db21e8ad2b8750f43ea0c3dc62b48a38b54e8f91327f907a8505e524,연간 절차 참조; 제작 스크립트는 환경 확인
site/app.js,운영 필수,9844,8f3ad0d499f2ff8ba933b00a4fd224c852812aefde89a08094a6a680245e82b5,공개 사이트와 배포 설정
site/archive/archive.css,운영 필수,7914,857f49678a2dd21d772fb11893a1f6e13373fed2943ef43ad8d2e952cb256f6c,공개 사이트와 배포 설정
site/archive/archive.js,운영 필수,1599,cd1590b852b67b4c1d5681db1a3bfe8c6903d03f605b25fac5b2e8871a3a8c4f,공개 사이트와 배포 설정
site/archive/archive_page01_5s.mp4,운영 필수,1612999,8c5a882a4f2ee9521b671f3c49c0f771e90f0da8b3d2ab765c8fe5f1c2012580,공개 사이트와 배포 설정
site/archive/archive_page02_5s.mp4,운영 필수,1024210,8ad80f4f7ce9986bff93d7a3a1c318ebc1026be57803192572540bef0217a4e4,공개 사이트와 배포 설정
site/archive/archive_page03_5s.mp4,운영 필수,990846,2035a6027e8dce4fe97d362bbcdd5b44c8a4379d6a03c1e10ad43bb16c5be05d,공개 사이트와 배포 설정
site/archive/archive_page04_5s.mp4,운영 필수,1080303,60334f2c432df729bcadee963cde3b4e5fbca001738800d36786a4f3578665b6,공개 사이트와 배포 설정
site/archive/archive_page05_5s.mp4,운영 필수,1095122,64ea9c4e24f9f5682459d2041a1c8bfd9b7f2be04d7318f8769330cd10c11317,공개 사이트와 배포 설정
site/archive/archive_page06_5s.mp4,운영 필수,907318,919625e24da41a037a3712850c730c0bdd5df77c09e481e4a3607989d673a5be,공개 사이트와 배포 설정
site/archive/archive_page07_5s.mp4,운영 필수,1939942,be660e53de7a7e31f355d1261c5f81cd5b93490a98588f515ab5daa503d3450b,공개 사이트와 배포 설정
site/archive/archive_page08_5s.mp4,운영 필수,985369,f5b92ee2dc3964ab58046a3c1a9162ee55ff9984eaaf76c33ca267f80b2324d1,공개 사이트와 배포 설정
site/archive/archive_page09_5s.mp4,운영 필수,1570416,12ccab377c8019c5263d78d985a241476e5fe17b80559673bcc30cbde11f8b2e,공개 사이트와 배포 설정
site/archive/archive_page10_5s.mp4,운영 필수,1128879,84fa9393dd30bfba1677a434cb784a98f997594f00b90c2ca900b3521ea27e81,공개 사이트와 배포 설정
site/archive/archive_page11_5s.mp4,운영 필수,1511661,ed7dfc8931f219adc6c310c406b23884746ee8023a2666602eddab41926b5baa,공개 사이트와 배포 설정
site/archive/archive_page12_5s.mp4,운영 필수,993760,d330dd312ee9cf6a52dd07f52f6a8a659a644d4341cfae7f3ca1914cd02f4f62,공개 사이트와 배포 설정
site/archive/index.html,운영 필수,43424,86e793748e1387ea7b5bb8c049d4d51af84a2af5a5a610db64d8f342395a165f,공개 사이트와 배포 설정
site/archive/motion-sample.css,운영 필수,3032,ac66906f2bcf98c644702dfd90e9f945431bc7658bce7a251a7f6e042ef4c8bd,공개 사이트와 배포 설정
site/archive/motion-sample.js,운영 필수,2832,10cfc9aaef1eb92f3b31ff25d68fa083835da04679416a992a5d873a1c113dc9,공개 사이트와 배포 설정
site/archive/motion01-end-640.webp,운영 필수,123824,211fdb81ba1be653a1985935c1f4d477a1d882da87b368c3d8192ab4644e9c4f,공개 사이트와 배포 설정
site/archive/motion01-end.webp,운영 필수,280880,7f8cf6895000d0ad730f25e1d3e0cf994452814df11518ec3f3660368727fc6f,공개 사이트와 배포 설정
site/archive/motion01-start-640.webp,운영 필수,79768,52b78c03c601f0079de4a87e6e735df4117cce1eee247cdea926cc8630097803,공개 사이트와 배포 설정
site/archive/motion01-start.webp,운영 필수,157026,7e72f19874d3dc451e9f603e4a2b2d20c5bb7a104075e3963a9d1dddf3d4c9e3,공개 사이트와 배포 설정
site/archive/motion02-end-640.webp,운영 필수,47846,29ac708be498092d93a14abab3edef9f6ca005e394ddf22c191abe3dbb2230e3,공개 사이트와 배포 설정
site/archive/motion02-end.webp,운영 필수,114420,def77b02b170313ea58061724ca6992b7817f08a9c877ece2cb56d30eb60d5b1,공개 사이트와 배포 설정
site/archive/motion02-start-640.webp,운영 필수,44344,1f622c18058d9a94c5839264784c8283eb722e3b4d842cd7a916203fe995d0cc,공개 사이트와 배포 설정
site/archive/motion02-start.webp,운영 필수,100570,236207dfdbb7000d79ea9396c618a78dba7933f88ee51fc2ccaaa405095f270e,공개 사이트와 배포 설정
site/archive/motion03-end-640.webp,운영 필수,44014,9a1bb7407f9d3463055ff4c40b810f4d99c93be87a4fdc8868c4bab365037527,공개 사이트와 배포 설정
site/archive/motion03-end.webp,운영 필수,111904,e1bea5f3a68ac2ca4e6c96e5e20381b93060ed1a14ba31f69f76fb1c5ce84b00,공개 사이트와 배포 설정
site/archive/motion03-start-640.webp,운영 필수,28508,e0e37aa46f64284ccd87094409d9248de3e9ed1362d99214645d4e2fde2a6c8b,공개 사이트와 배포 설정
site/archive/motion03-start.webp,운영 필수,68798,318ccb3dc6e62e8cc65e00cd270045fdface0edde87d90a45d952ead68cac052,공개 사이트와 배포 설정
site/archive/motion04-end-640.webp,운영 필수,55120,d08cc492b631391bbe589ab48345211666ef253f788cab54241b9ea1faf23352,공개 사이트와 배포 설정
site/archive/motion04-end.webp,운영 필수,133392,31478c6027c62aad86a1f55e4e092c40076874d7eeef92c932e65b0fc058bc88,공개 사이트와 배포 설정
site/archive/motion04-start-640.webp,운영 필수,45758,852c90cc2720d26f0ba023e2d8ac96439686935819a2aef7ffe1acb973b98851,공개 사이트와 배포 설정
site/archive/motion04-start.webp,운영 필수,109448,af3ed09766ab23daccdc6a58f26299bb29c7fa461a4ffdcf59fd89c8a03a18ae,공개 사이트와 배포 설정
site/archive/motion05-end-640.webp,운영 필수,70558,6a9dfd1b7a144810098ca9f84acedbc75c04c35fca0ff9bb97578c8e07f39ed7,공개 사이트와 배포 설정
site/archive/motion05-end.webp,운영 필수,161420,160454020f558b72bf37126c40407caaa9cc743a98a79e9ba624f2a89dc0e984,공개 사이트와 배포 설정
site/archive/motion05-start-640.webp,운영 필수,35582,66f18a2f7141527b1541faebe97f5ed12f922a01e0ea7f631798e867b348a85b,공개 사이트와 배포 설정
site/archive/motion05-start.webp,운영 필수,78744,073444581fa2937a91a4894529dbbd53c3edbce75690fbef274280f2018bbced,공개 사이트와 배포 설정
site/archive/motion06-end-640.webp,운영 필수,58716,50f2ca2602ca50c9f8f4363b23285d9a4c35fef4a1f4dec55ea67e0c7392710a,공개 사이트와 배포 설정
site/archive/motion06-end.webp,운영 필수,129582,86a65cf3632d82c3d118daec5f464497f22ccefefdfb868055c5864e46f2f848,공개 사이트와 배포 설정
site/archive/motion06-start-640.webp,운영 필수,18926,437ab4e4dceedecb7dab5ca544ad86f3243313e6b6771fb4dd6947b814eaeefe,공개 사이트와 배포 설정
site/archive/motion06-start.webp,운영 필수,39106,7708c818c7f57c88295c3bebd4b254b8bd44eb43e9d764da680b656abdcddadc,공개 사이트와 배포 설정
site/archive/motion07-end-640.webp,운영 필수,123462,590646b54a624ddcee2a7ada24da7c5e20c60d060ce164d4fe0e0ee055346357,공개 사이트와 배포 설정
site/archive/motion07-end.webp,운영 필수,313490,722c502a0e20d9f72d15111617ff8a60c877844488592b043c852660c3588481,공개 사이트와 배포 설정
site/archive/motion07-start-640.webp,운영 필수,94522,2383edff2244b5c451bd24f0791745653ba20e5efe4a2221d653c61853110602,공개 사이트와 배포 설정
site/archive/motion07-start.webp,운영 필수,202758,e8fcef446d83656e32a1dcf7698c9a3590f9acf44e36fa8771fbccd9560cbc58,공개 사이트와 배포 설정
site/archive/motion08-end-640.webp,운영 필수,41606,66ca4454bd95ad0e60fa4466ffe9a17f41e49a69315ac4b6f675ad5620d65e50,공개 사이트와 배포 설정
site/archive/motion08-end.webp,운영 필수,93366,fe52d8f0cc5bb0b086f1aa3e9e6faadb2ab94996cad6c567b98c97ea70ee6765,공개 사이트와 배포 설정
site/archive/motion08-start-640.webp,운영 필수,40312,233868bd9fc8649b2a2ee138761b4bf85c7e7c0d28d80b5c8c9632cb9bbffdfd,공개 사이트와 배포 설정
site/archive/motion08-start.webp,운영 필수,83664,10537fcb63cf7ec9121793351edeeb3596495b50c02a2471b5d38433caa1b208,공개 사이트와 배포 설정
site/archive/motion09-end-640.webp,운영 필수,89316,693db668b18d124df6879d8b27e37811000259b4fadb08f0fbebae30693dfc82,공개 사이트와 배포 설정
site/archive/motion09-end.webp,운영 필수,281928,7c5f01ad17716d9c839ba7304701286f409078840e19ba2d20ac1030da57bd9e,공개 사이트와 배포 설정
site/archive/motion09-start-640.webp,운영 필수,47504,b5345b76b1a996b4c177260cbf551606449f991a66826865842af36b710b919d,공개 사이트와 배포 설정
site/archive/motion09-start.webp,운영 필수,97276,21d743a052c295a7af3e80966725aa18c1c3cce7b980669ce23dde1328f023e7,공개 사이트와 배포 설정
site/archive/motion10-end-640.webp,운영 필수,56280,ec5107dc46d664cedd72c6d9a1f5b88c39326a2b0331fb72dfb170916b865f85,공개 사이트와 배포 설정
site/archive/motion10-end.webp,운영 필수,154598,a8be05ba56c98db384a5f9f0b284894a568538dbf2088271e00861267d9474a7,공개 사이트와 배포 설정
site/archive/motion10-start-640.webp,운영 필수,47564,1dd29404d53fe0643fdb7bad7e66fecd61b33386b764d9b5e73e97b83fe9c9a3,공개 사이트와 배포 설정
site/archive/motion10-start.webp,운영 필수,102648,f7f27a931a37f33a06a4c65efccd81c22a40bf9a94c2f582bf23e9ba5f042407,공개 사이트와 배포 설정
site/archive/motion11-end-640.webp,운영 필수,100330,9d0b99795d7f72f110a70a325b43462b88298bc6fbc53539cac223e8e43a2a79,공개 사이트와 배포 설정
site/archive/motion11-end.webp,운영 필수,310052,c8d44e75bf4dffbbd4e2b4a4d3c96683897897e8ea128e60cd8e47c7fa8a30f9,공개 사이트와 배포 설정
site/archive/motion11-start-640.webp,운영 필수,50760,df849beec767f106e79f17ebdf3327fccc5ac8a26968836c2f21da1dfc3faa13,공개 사이트와 배포 설정
site/archive/motion11-start.webp,운영 필수,113004,697a4974cd51df5ea7f3b48cb2791cbda571635361052d9e5382daa6ee78e909,공개 사이트와 배포 설정
site/archive/motion12-end-640.webp,운영 필수,50164,dafb1fc8dec7bb3f2b44880320ee54f1b34946c8738e31c62c559350bc765f99,공개 사이트와 배포 설정
site/archive/motion12-end.webp,운영 필수,156054,d6cecd67c84a26de222269863cd9dc5b38bb116ffb9c59bab95cdfa1a2add819,공개 사이트와 배포 설정
site/archive/motion12-start-640.webp,운영 필수,33410,81b52850417cf6598c6e5867dfb726299184e94be20daf2134c9375a2d3729c3,공개 사이트와 배포 설정
site/archive/motion12-start.webp,운영 필수,85402,0c6abf6faa0389dc740527b71b7801f5438e8b538898c4129b16a8f95c7c057e,공개 사이트와 배포 설정
site/archive/welfare-logo.webp,운영 필수,69724,a311f7e5325ad562ff250a698d7e002de98ae897c706e46a045cff9a76d72445,공개 사이트와 배포 설정
site/assets/brand/welfare-logo.webp,운영 필수,69724,a311f7e5325ad562ff250a698d7e002de98ae897c706e46a045cff9a76d72445,공개 사이트와 배포 설정
site/assets/favicon.svg,운영 필수,244,6ef75dcde90830559b66b7c1665480c64e13cfcf6e92346c237a828501bf7f25,공개 사이트와 배포 설정
site/assets/fonts/BRUSH-LICENSE.txt,운영 필수,4534,eeacf16032901d0ed0456876ec77b8f0fda6b3fecec7d972f8543eb602e6c30f,공개 사이트와 배포 설정
site/assets/fonts/SANS-LICENSE.txt,운영 필수,4388,1c05c68c34f9708415aada51f17e1b0092d2cea709bf4a94cd38114f9e73d7d9,공개 사이트와 배포 설정
site/assets/fonts/brush.woff,운영 필수,110472,e958daa03d1ce07ae2fdcd5069f087f5f8f7f597dabbd5ec0ff855c2cabca57b,공개 사이트와 배포 설정
site/assets/fonts/sans.woff,운영 필수,53896,369565112018b53217dc1be97b7cdbe5448698bc0d4cc6fbd1bd3d9748885d4a,공개 사이트와 배포 설정
site/assets/photos/01-1080.webp,운영 필수,154796,036cd80ca8c86404bcda974026ae61fb33e8e84ed5b6ecfe064dd2c7791c688d,공개 사이트와 배포 설정
site/assets/photos/01-640.webp,운영 필수,68824,2f3337e6effbc7fd36ccc242e54d0e99c4089bf199c77e580e06635631763179,공개 사이트와 배포 설정
site/assets/photos/02-1080.webp,운영 필수,69978,0bb89142aad2b76ede496d185d537f05f4c3cafb77fcaa705a7e24b28b1bd910,공개 사이트와 배포 설정
site/assets/photos/02-640.webp,운영 필수,31336,dc9a66adda46a31d3cac0011234e772bc4d47fa7f0cb53fa3ef67ce75b100bdc,공개 사이트와 배포 설정
site/assets/photos/03-1080.webp,운영 필수,214748,0cc0fda38dae9d863ca978e3d2956526c3ea3b266940c27506920c9a6d16658d,공개 사이트와 배포 설정
site/assets/photos/03-640.webp,운영 필수,98848,590b64b3b59255adccbc35f44b353398ce350ba9018e7a307a243b819f90c0b4,공개 사이트와 배포 설정
site/assets/photos/04-1080.webp,운영 필수,162978,2820285573034bb73741481aff9db6b6d5a1900625f736d392ffbc2e3aec9b8a,공개 사이트와 배포 설정
site/assets/photos/04-640.webp,운영 필수,81502,bf14a02f5fc4e8de69f6e1c9be465fec339a8a6b5c39ae47ea1f8db4027f91e4,공개 사이트와 배포 설정
site/assets/photos/05-1080.webp,운영 필수,271376,fc0c0580ea595314b38b2da11d72d80f77673b6fa2c92012b3efb9c8d789d00d,공개 사이트와 배포 설정
site/assets/photos/05-640.webp,운영 필수,125992,30f9dc8487217ec7bf690b23a3998acc59559585e2fb0239b476c60a4aed72ea,공개 사이트와 배포 설정
site/assets/photos/06-1080.webp,운영 필수,138392,293590b08d1ef7aebe1ec70d7df5c66f2bd0b2f367837835953bf2ab68d68c0c,공개 사이트와 배포 설정
site/assets/photos/06-640.webp,운영 필수,67560,8b4e7f29f262931388ce6e114c5de3826052626f45f9849cdb964b4b6aed5049,공개 사이트와 배포 설정
site/assets/photos/07-1080.webp,운영 필수,116210,5906670ff4ecafc6b0afdad6fc58fbd377d09513a31ec90a2b804996ca38cd61,공개 사이트와 배포 설정
site/assets/photos/07-640.webp,운영 필수,56124,464d0b5f5e9c415accb380e8ed559603108bca62a37f07086a796adac9e4856c,공개 사이트와 배포 설정
site/assets/photos/08-1080.webp,운영 필수,316816,ff2e2884135d7906119507adb8e32d2ba7ea4fc39b839bfb5a0009fc64bfc884,공개 사이트와 배포 설정
site/assets/photos/08-640.webp,운영 필수,151042,f902414938afb70e255c8eb8a10c07a8d53cd6e6129450a3b88e193aaef56dd7,공개 사이트와 배포 설정
site/assets/photos/09-1080.webp,운영 필수,164630,8890ccdfe6b0cd87e3c1d0522345e5e64456065afac327b831ff39105ae186aa,공개 사이트와 배포 설정
site/assets/photos/09-640.webp,운영 필수,81442,6ece8333d428b6b6f3d73f48d2acee3d54f30c90369556cdee81e9dc756f14b0,공개 사이트와 배포 설정
site/assets/photos/10-1080.webp,운영 필수,185540,6da3bb154ffad961c5a53a6a16ae3d39d5139a2bcc0ec6b92dca34eeb150160a,공개 사이트와 배포 설정
site/assets/photos/10-640.webp,운영 필수,87510,ff966deed32ba99940150ef4fa341f29f9342cfd81d11ddc84c60f51029e7065,공개 사이트와 배포 설정
site/assets/photos/11-1080.webp,운영 필수,110374,61cd0511f190a0eedc31203390747e3ae249e2d0cf8fb7d6e504c8db0da43d0e,공개 사이트와 배포 설정
site/assets/photos/11-640.webp,운영 필수,55094,52aac2ee1694dc45c7b1bed9a07d8695602cae2799c12f2c241b5af8847f5a15,공개 사이트와 배포 설정
site/index.html,운영 필수,5984,3597ef4242e6366e34187a2035b163fab754e663a9a38992fdbe97d9ff25fe14,공개 사이트와 배포 설정
site/style.css,운영 필수,12991,6651faa80661f6ea9ae1f90d52f18025c6d680c8c5696ad09a7505513fd14708,공개 사이트와 배포 설정
.github/workflows/pages.yml,운영 필수,597,c5bfb8318a84d2cd0d733d32df01ed0be0a77bce97f7b1ed2ed4765e5580ff57,공개 사이트와 배포 설정
README.md,운영 문서,7521,960465717951000feb166d72cfe266118397f1cbde6e0701f2f5bebfa097ccaa,유지
.gitignore,운영 문서,63,26ac7c24b53b93f7075de7a603396e245a7eb3adaee80b61240655868478362d,유지
