관리번호,원본페이지,크리에이터,제목,과거장소,과거촬영시기,과거설명,현재장소,현재촬영시기,현재설명,과거사진,현재사진,과거모바일사진,현재모바일사진,다운로드영상,사진크기,사진처리,글위치,공개주소
2026-001,1,조옥향,"몇백 년, 그 자리를 지켰을 백동마을 당산나무 아래서",양산시 소주동 백동마을 당산나무 앞,1995년,"1995년, 양산시 소주동 백동초등학교 인근 당산나무 아래서 놀고 있는 동생과 나",양산시 소주동 백동마을 당산나무 앞,2026년 8월,"2026년, 당산나무는 그 자리 그대로 마을 주민들의 마음의 쉼터로
편안한 자리를 내어주며 든든하게 계속 자리하고 있습니다.",site/archive/motion01-start.webp,site/archive/motion01-end.webp,site/archive/motion01-start-640.webp,site/archive/motion01-end-640.webp,site/archive/archive_page01_5s.mp4,1070×1000,limited-outpainting,top-right,https://daeung79.github.io/UngSang_Senior/archive/#page01
2026-002,2,곽영숙,수많은 박수와 함께 추억 속에 빛나는 우리들의 가을 운동회,양산시 소주동 백동초등학교 운동장,2003년,"아이들의 함성이 넘치는 백동초등학교 운동장에
가족과 동네 이웃들이 모두 모여 즐거운 시간을 보냈던
온 동네 마을 축제였던 그 시절 국민학교 체육대회",양산시 소주동 백동초등학교 운동장,2026년,"동네를 누비며 뛰어노는 아이들의 웃음소리가 줄어들고, 이웃과의 만남이 어려운 요즘
아이들의 웃음소리가 넘치고 온 동네 주민이 함께하던 가을운동회, 그 순간이 그립습니다.",site/archive/motion02-start.webp,site/archive/motion02-end.webp,site/archive/motion02-start-640.webp,site/archive/motion02-end-640.webp,site/archive/archive_page02_5s.mp4,1152×828,original-full-frame,bottom-right,https://daeung79.github.io/UngSang_Senior/archive/#page02
2026-003,3,어미애,청군 이겨라! 백군 이겨라! 함성으로 가득하던 운동장,양산시 서창동 서창초등학교 운동장,1990년 10월,"전날부터 설레던 국민학교 체육대회, 상을 못 받았어도
친구들과 함께 뛰며 마냥 즐겁기만 했던 릴레이 경주",양산시 서창동 서창초등학교 운동장,2026년 8월,"예전보다 건물은 증축되어 더 넓어지고 알록달록 예쁘게 단장된 서창초등학교,
즐겁게 공부하고 뛰놀던 추억의 공간에 이제 내 아이가 다니며 추억을 쌓고 있습니다.",site/archive/motion03-start.webp,site/archive/motion03-end.webp,site/archive/motion03-start-640.webp,site/archive/motion03-end-640.webp,site/archive/archive_page03_5s.mp4,1152×960,limited-outpainting,top-right,https://daeung79.github.io/UngSang_Senior/archive/#page03
2026-004,4,유현숙,풍성한 추억만큼 행복도 보름달처럼 가득했던 꼬까옷 입은 유미,양산시 서창초등학교 앞 유미의 집,1995년,"1995년 추석, 서창초등학교가 빼꼼히 보이던 우리 집 담벼락 앞에서
아껴두었던 예쁜 한복을 입고 카메라를 든 삼촌 앞에서 밝게 웃으며",양산시 서창동 서창초등학교 앞 유미네 담이 있었던 곳,2026년 8월,"서창초등학교가 보이던 유미의 집과 담은 없어졌지만 한복을 곱게 차려입던
그 설렘은, 우리 마음 한 켠에 여전히 남아있습니다.",site/archive/motion04-start.webp,site/archive/motion04-end.webp,site/archive/motion04-start-640.webp,site/archive/motion04-end-640.webp,site/archive/archive_page04_5s.mp4,1152×822,original-full-frame,top-right,https://daeung79.github.io/UngSang_Senior/archive/#page04
2026-005,5,고재임,"1995년 8월, 황금빛 들판에 나란히 앉은 세 아이",양산시 소주동 천성리버타운아파트 인근,1995년 8월,"뜨겁던 1995년의 한 날,
매일 뛰어놀던 집 앞 논 도랑 턱에 나란히 앉아서",양산시 소주동 천성리버타운아파트 인근,2026년 8월,"30여 년이 흘러도 여전히 그 자리에서 묵묵히 벼를 기르고 있는 저 땅처럼
마을을 뛰놀던 아이들도 우직하고 성실하게 자라나
30대의 청년이 되어 자신의 삶을 열심히 일구어 나가고 있습니다.",site/archive/motion05-start.webp,site/archive/motion05-end.webp,site/archive/motion05-start-640.webp,site/archive/motion05-end-640.webp,site/archive/archive_page05_5s.mp4,1152×960,limited-outpainting,top-right,https://daeung79.github.io/UngSang_Senior/archive/#page05
2026-006,6,조옥향,눈 쌓인 원진아파트 앞 눈처럼 고왔던 우리 엄마와 젊은 할머니,양산시 소주동 원진아파트를 배경으로,1994년 12월 12일,"눈 귀한 웅상에 산에도 앞마당에도 하얀 눈 세상
지금 내 나이 즈음에 엄마와 늘 그리운 우리 할머니",양산시 소주동 원진아파트,2026년 8월,"젊은 엄마의 고운 얼굴에 주름이 생기고 사랑하는 할머니는 이제 내 마음속에만 계시지만
30여 년이 흘러도 파란 하늘 아래 원진아파트는 여전히 자리를 지키고 있습니다.",site/archive/motion06-start.webp,site/archive/motion06-end.webp,site/archive/motion06-start-640.webp,site/archive/motion06-end-640.webp,site/archive/archive_page06_5s.mp4,1152×828,original-full-frame,top-left,https://daeung79.github.io/UngSang_Senior/archive/#page06
2026-007,7,조옥향,백동마을 저수지 가는 길,양산시 소주동 백동마을,1995년 8월,"마을 뒷산 산책을 나가는 걸 좋아했던
짝다리가 최고 멋진 포즈라고 생각했던
어렴풋이 기억나는 1995년, 3살 무렵 어린 시절의 나",양산시 소주동 백동마을,2026년 8월,"어린 시절 자주 오가던 산책길 주변에는 예쁜 카페가 자리잡아 많은 사람들이
내 어린 시절 추억의 그 길을 오가며 또 다른 추억을 만들어 가고 있습니다.",site/archive/motion07-start.webp,site/archive/motion07-end.webp,site/archive/motion07-start-640.webp,site/archive/motion07-end-640.webp,site/archive/archive_page07_5s.mp4,1152×960,limited-outpainting,top-right,https://daeung79.github.io/UngSang_Senior/archive/#page07
2026-008,8,유현숙,"포도알처럼 영글던 포도밭에서, 1981년의 우정",양산시 주진동 포도밭이 가득하던 마을 초가집 앞,1981년,"20대 갓 결혼했을 무렵, 새댁이던 친구들과 포도밭이 가득했던 주진동 어딘가
그 시절에는 흔히 보이던 초가집 담벼락에 기대어 한 장",양산시 주진동 포도밭이 가득했던 그곳 어딘가,2026년 8월,"젊음과 우정이 넘치던 그 시절의 그리운 포도밭과 초가집은 사라지고
포도밭과 초가집이 공장과 빌라로 변해가는 세월이 필름처럼 스쳐갑니다.",site/archive/motion08-start.webp,site/archive/motion08-end.webp,site/archive/motion08-start-640.webp,site/archive/motion08-end-640.webp,site/archive/archive_page08_5s.mp4,1152×960,limited-outpainting,top-right,https://daeung79.github.io/UngSang_Senior/archive/#page08
2026-009,9,배손옥,웅상의 어제와 오늘,천성산에서 바라본 평산동과 서창동,1986년 12월,"푸른 논밭이 가득한 정겨운 동네, 자연과 함께
소박한 삶을 살아가는 웅상의 마을 사람들",천성산에서 바라 본 평산동과 서창동,2026년 8월,"산과 자연의 깊이를 담아낸 웅상,
더 넓은 세상과 연결되어
빛나는 도시로 성장하였습니다.",site/archive/motion09-start.webp,site/archive/motion09-end.webp,site/archive/motion09-start-640.webp,site/archive/motion09-end-640.webp,site/archive/archive_page09_5s.mp4,1152×840,original-full-frame,bottom-right,https://daeung79.github.io/UngSang_Senior/archive/#page09
2026-010,10,배손옥,작은 삽질이 만든 큰 희망의 웅상,양산시 평산동 평산휴먼시아 아파트 인근,1982년 8월,더 나은 마을을 만들기 위해 동네 주민들이 한마음으로 삽을 들었던 그때,양산시 평산동 평산휴먼시아 아파트 인근,2026년 8월,"작은 삽질로 시작된 그 터 위에는
거대한 보금자리가 자리잡아
사람 온기 가득한 내일이
솟아올랐습니다.",site/archive/motion10-start.webp,site/archive/motion10-end.webp,site/archive/motion10-start-640.webp,site/archive/motion10-end-640.webp,site/archive/archive_page10_5s.mp4,1152×828,original-full-frame,top-right,https://daeung79.github.io/UngSang_Senior/archive/#page10
2026-011,11,어미애,"1995년 겨울, 밤새 내린 눈밭에서 친구와 함께하던 눈싸움",양산시 서창동 옛 국민아파트 앞 공터,1995년,"밤새 내린 함박눈에 취해 친구와 집 앞 눈밭에서
새빨간 손끝과 코가 시려도 즐겁게 눈싸움을 하던 날",양산시 서창동 옛 국민아파트 자리 인근(아크로시티아파트 주변),2026년 8월,"한적한 공터에는 건물들이 빽빽하게 들어서 예전의 풍경은 흔적도 없이 사라졌지만
그 공간을 살아갔던 사람들의 추억은 그자리 그대로 머물러 있습니다.",site/archive/motion11-start.webp,site/archive/motion11-end.webp,site/archive/motion11-start-640.webp,site/archive/motion11-end-640.webp,site/archive/archive_page11_5s.mp4,1152×828,original-full-frame,top-right,https://daeung79.github.io/UngSang_Senior/archive/#page11
2026-012,12,곽영숙,"그때 그 겨울, 눈 내리던 날 하얀 눈 속에 남은 어린 날의 추억",양산시 소주동 현재 웅상119안전센터 인근,1993년 1월 15일,"눈이 펑펑 오던 날 눈썰매를 타려고 옆구리에는 돗자리를,
한 손은 어린 동생의 손을 잡고 눈쌓인 언덕을 오르던 어린 시절 춥지만 따뜻했던 추억",양산시 소주동 웅상119안전센터 인근,2026년 8월,"눈이 내려앉아 고즈넉하던 시골 마을의 집들은 이제 흔적도 없이 사라지고
상가 건물들, 아파트, 송전탑, 전신주들로 메워진 하늘을 보니
그 옛날 조그만 집들의 풍경들이 아련해집니다.",site/archive/motion12-start.webp,site/archive/motion12-end.webp,site/archive/motion12-start-640.webp,site/archive/motion12-end-640.webp,site/archive/archive_page12_5s.mp4,1152×960,limited-outpainting,top-right,https://daeung79.github.io/UngSang_Senior/archive/#page12
